{
  "lang":"en",
  "name":"pipeline",
  "version":"0.0.0",
  "spacy_version":">=3.4.3,<3.5.0",
  "description":"",
  "author":"",
  "email":"",
  "url":"",
  "license":"",
  "spacy_git_version":"63673a792",
  "vectors":{
    "width":0,
    "vectors":0,
    "keys":0,
    "name":null,
    "mode":"default"
  },
  "labels":{
    "tok2vec":[

    ],
    "ner":[
      "B-DES",
      "B-EMAIL",
      "B-NAME",
      "B-ORG",
      "B-PHONE",
      "B-WEB",
      "DES",
      "EMAIL",
      "I-DE",
      "I-DES",
      "I-EMAIL",
      "I-NAME",
      "I-OR",
      "I-ORG",
      "I-PHONE",
      "I-WEB",
      "NAME",
      "ORG",
      "PHONE"
    ]
  },
  "pipeline":[
    "tok2vec",
    "ner"
  ],
  "components":[
    "tok2vec",
    "ner"
  ],
  "disabled":[

  ],
  "performance":{
    "ents_f":0.6329113924,
    "ents_p":0.7425742574,
    "ents_r":0.5514705882,
    "ents_per_type":{
      "B-NAME":{
        "p":0.7058823529,
        "r":0.6315789474,
        "f":0.6666666667
      },
      "I-NAME":{
        "p":0.8888888889,
        "r":0.5714285714,
        "f":0.6956521739
      },
      "B-DES":{
        "p":0.9166666667,
        "r":0.6470588235,
        "f":0.7586206897
      },
      "I-DES":{
        "p":0.7857142857,
        "r":0.7857142857,
        "f":0.7857142857
      },
      "B-PHONE":{
        "p":0.6857142857,
        "r":0.75,
        "f":0.7164179104
      },
      "ORG":{
        "p":0.0,
        "r":0.0,
        "f":0.0
      },
      "I-PHONE":{
        "p":0.7368421053,
        "r":0.6086956522,
        "f":0.6666666667
      },
      "I-EMAIL":{
        "p":0.0,
        "r":0.0,
        "f":0.0
      },
      "B-ORG":{
        "p":0.4444444444,
        "r":0.275862069,
        "f":0.3404255319
      },
      "I-ORG":{
        "p":0.8125,
        "r":0.4,
        "f":0.5360824742
      },
      "B-EMAIL":{
        "p":0.7619047619,
        "r":0.8,
        "f":0.7804878049
      },
      "B-WEB":{
        "p":0.9230769231,
        "r":0.8,
        "f":0.8571428571
      },
      "I-DE":{
        "p":0.0,
        "r":0.0,
        "f":0.0
      },
      "B-PHOE":{
        "p":0.0,
        "r":0.0,
        "f":0.0
      },
      "PHONE":{
        "p":0.0,
        "r":0.0,
        "f":0.0
      },
      "WEB":{
        "p":0.0,
        "r":0.0,
        "f":0.0
      }
    },
    "tok2vec_loss":836.2045168801,
    "ner_loss":332.4707278739
  }
}