{
  "lang":"en",
  "name":"pipeline",
  "version":"0.0.0",
  "spacy_version":">=3.4.3,<3.5.0",
  "description":"",
  "author":"",
  "email":"",
  "url":"",
  "license":"",
  "spacy_git_version":"63673a792",
  "vectors":{
    "width":0,
    "vectors":0,
    "keys":0,
    "name":null,
    "mode":"default"
  },
  "labels":{
    "tok2vec":[

    ],
    "ner":[
      "B-DES",
      "B-EMAIL",
      "B-NAME",
      "B-ORG",
      "B-PHONE",
      "B-WEB",
      "DES",
      "EMAIL",
      "I-DE",
      "I-DES",
      "I-EMAIL",
      "I-NAME",
      "I-OR",
      "I-ORG",
      "I-PHONE",
      "I-WEB",
      "NAME",
      "ORG",
      "PHONE"
    ]
  },
  "pipeline":[
    "tok2vec",
    "ner"
  ],
  "components":[
    "tok2vec",
    "ner"
  ],
  "disabled":[

  ],
  "performance":{
    "ents_f":0.6506024096,
    "ents_p":0.7168141593,
    "ents_r":0.5955882353,
    "ents_per_type":{
      "B-NAME":{
        "p":0.8125,
        "r":0.6842105263,
        "f":0.7428571429
      },
      "I-NAME":{
        "p":0.9047619048,
        "r":0.6785714286,
        "f":0.7755102041
      },
      "B-DES":{
        "p":0.8,
        "r":0.7058823529,
        "f":0.75
      },
      "I-DES":{
        "p":0.7058823529,
        "r":0.8571428571,
        "f":0.7741935484
      },
      "B-PHONE":{
        "p":0.6052631579,
        "r":0.71875,
        "f":0.6571428571
      },
      "ORG":{
        "p":0.0,
        "r":0.0,
        "f":0.0
      },
      "I-PHONE":{
        "p":0.5769230769,
        "r":0.652173913,
        "f":0.612244898
      },
      "B-EMAIL":{
        "p":0.7894736842,
        "r":0.75,
        "f":0.7692307692
      },
      "B-ORG":{
        "p":0.6153846154,
        "r":0.275862069,
        "f":0.380952381
      },
      "I-ORG":{
        "p":0.7441860465,
        "r":0.4923076923,
        "f":0.5925925926
      },
      "B-WEB":{
        "p":0.8125,
        "r":0.8666666667,
        "f":0.8387096774
      },
      "I-DE":{
        "p":0.0,
        "r":0.0,
        "f":0.0
      },
      "I-EMAIL":{
        "p":0.0,
        "r":0.0,
        "f":0.0
      },
      "B-PHOE":{
        "p":0.0,
        "r":0.0,
        "f":0.0
      },
      "PHONE":{
        "p":0.0,
        "r":0.0,
        "f":0.0
      },
      "WEB":{
        "p":0.0,
        "r":0.0,
        "f":0.0
      }
    },
    "tok2vec_loss":631.8502404168,
    "ner_loss":412.0938732352
  }
}